Source,Target,Density
1,2,139
1,3,221
1,4,3
1,5,3
1,6,27
1,7,48
1,10,40
1,11,19
1,12,5
1,13,16
1,16,29
1,18,4
1,19,8
1,22,1
1,23,1
1,25,1
1,26,97
1,27,57
1,28,6
1,30,6
1,31,15
1,33,99
1,34,3
1,35,45
1,36,71
1,40,19
1,41,15
1,42,17
1,43,6
1,45,11
1,47,2
1,48,35
1,49,12
1,50,2
1,51,1
1,52,286
1,53,7
1,54,4
1,55,10
1,56,2
1,57,59
1,59,2
1,60,2
1,63,1
1,64,4
1,66,19
1,69,12
1,70,1
1,72,8
1,73,4
1,78,2
1,79,4
1,80,6
1,94,5
1,98,8
1,100,12
1,102,7
1,116,2
1,121,4
1,122,3
1,124,21
1,133,2
1,135,2
1,139,2
2,1,126
2,3,78
2,4,29
2,5,35
2,6,10
2,7,15
2,8,56
2,9,4
2,10,28
2,26,17
2,36,41
2,54,3
2,69,18
2,97,5
2,109,5
2,124,38
2,136,1
3,1,324
3,2,116
3,4,8
3,5,79
3,6,14
3,7,9
3,26,23
3,36,3
3,54,15
3,78,3
3,102,1
3,109,13
3,116,2
3,124,36
3,134,10
4,2,19
4,3,4
5,1,19
5,2,35
5,3,81
5,6,21
5,7,6
5,8,6
5,10,5
5,54,5
5,109,4
5,124,3
6,1,23
6,2,8
6,3,12
6,5,10
6,7,6
6,8,3
6,14,7
6,16,7
6,17,23
6,18,3
6,19,8
6,54,4
7,1,48
7,2,35
7,3,11
7,5,7
7,6,7
7,8,4
7,9,4
7,10,10
7,11,10
7,12,8
7,13,6
7,31,7
7,32,9
7,36,7
7,69,2
7,102,2
8,1,9
8,2,59
8,5,5
8,7,5
8,9,4
8,36,2
8,124,3
8,133,2
9,1,1
9,2,10
9,7,2
9,8,1
10,1,32
10,2,31
10,7,13
10,8,1
10,36,2
11,1,21
11,7,11
11,10,4
11,31,31
11,34,34
11,36,36
12,1,5
12,7,6
12,35,3
13,1,17
13,7,3
13,18,8
13,22,1
13,23,3
13,24,1
13,25,2
13,26,2
13,36,2
13,37,2
14,6,6
15,6,6
16,1,34
16,6,6
16,17,9
16,18,14
16,54,5
16,101,10
17,6,23
17,16,8
18,1,4
18,6,3
18,13,10
18,16,9
18,19,13
18,20,7
18,22,11
18,24,6
18,26,2
18,27,1
19,1,8
19,6,11
19,18,16
19,22,2
20,18,4
21,22,7
22,18,14
22,21,7
22,27,1
22,137,17
23,13,6
23,29,6
23,37,6
24,13,3
24,18,6
25,1,2
25,13,6
25,35,1
25,40,1
26,1,123
26,2,22
26,3,40
26,6,2
26,8,3
26,13,2
26,25,1
26,29,7
26,31,1
26,33,32
26,35,1
26,40,2
26,54,2
26,62,6
26,82,40
26,94,1
26,102,2
26,106,9
26,109,5
26,124,1
26,133,1
27,1,70
27,18,1
27,38,7
27,52,5
27,66,3
27,73,2
27,138,3
28,1,5
29,26,7
29,35,1
29,40,1
31,11,1
31,26,1
31,33,2
32,7,5
33,1,121
33,26,34
33,31,3
33,34,3
33,35,1
34,1,3
34,11,10
34,33,3
34,40,2
35,1,39
35,2,1
35,3,1
35,5,1
35,12,5
35,33,1
35,36,73
35,40,7
35,47,2
35,66,3
35,69,2
35,99,8
35,102,1
35,126,4
35,128,37
36,1,96
36,2,46
36,7,7
36,10,2
36,11,15
36,13,8
36,33,1
36,35,83
36,40,80
36,42,35
36,43,1
36,49,31
36,66,4
36,78,10
36,94,12
36,95,19
36,98,3
37,13,1
37,25,2
38,27,10
38,39,2
39,38,2
40,1,15
40,2,1
40,3,1
40,5,1
40,12,2
40,26,1
40,34,2
40,35,5
40,36,67
40,44,2
40,54,1
40,66,33
40,69,22
41,1,11
41,42,2
42,1,21
42,3,1
42,12,1
42,36,20
42,41,2
42,44,3
42,49,4
43,1,5
43,2,3
43,36,1
44,40,1
44,42,3
45,1,11
45,74,1
45,75,9
46,1,1
46,35,2
46,47,8
46,66,2
46,67,3
47,1,5
47,35,1
47,46,6
47,65,4
47,66,13
47,67,4
47,69,10
47,70,1
48,1,30
48,57,1
49,1,7
49,36,19
49,42,4
49,120,5
50,1,2
51,1,2
51,36,2
52,1,408
52,27,9
52,34,1
52,35,4
52,45,2
52,57,7
52,64,2
52,66,6
52,69,2
52,72,16
52,73,4
52,78,4
53,1,6
54,1,2
54,3,1
54,6,1
54,16,7
54,40,2
54,106,7
54,109,30
54,110,2
55,1,10
55,39,1
56,1,87
57,59,2
57,60,1
58,1,2
59,1,3
59,57,3
60,1,2
60,57,3
60,61,2
61,60,2
62,1,1
62,26,15
63,1,1
63,52,5
64,1,8
64,57,1
65,47,8
65,66,37
65,69,3
65,71,1
66,1,21
66,27,5
66,35,8
66,36,1
66,40,33
66,46,2
66,47,15
66,65,20
66,67,2
66,68,10
66,69,127
66,70,6
66,71,12
66,76,16
66,100,3
66,102,147
66,103,5
66,104,1
66,105,5
66,111,5
66,112,71
66,115,7
66,118,1
66,132,18
67,46,2
67,47,6
67,66,7
67,70,1
68,65,1
68,66,13
68,69,6
69,1,14
69,2,15
69,2,12
69,7,1
69,35,3
69,40,16
69,47,8
69,52,4
69,65,3
69,66,160
69,68,2
69,71,48
69,76,7
69,96,41
69,100,4
69,102,40
69,112,1
69,114,3
69,115,1
70,1,4
70,66,15
70,67,3
70,68,5
70,76,4
70,81,7
71,66,13
71,69,20
72,1,7
72,52,20
73,1,7
73,27,3
73,52,1
73,72,6
74,45,3
74,75,4
75,45,13
75,66,12
76,69,3
77,78,16
78,3,1
78,36,8
78,77,14
78,135,3
79,1,6
80,1,18
80,52,3
81,66,2
81,69,2
82,26,114
82,86,4
82,132,36
83,84,8
83,85,2
84,83,8
85,83,1
85,84,1
85,86,7
86,82,1
86,85,12
87,88,8
88,87,4
88,89,13
88,90,10
88,91,24
88,92,4
88,92,18
88,93,21
89,88,30
90,88,18
90,93,6
91,88,19
91,92,2
92,88,30
93,90,3
94,1,8
94,26,4
94,36,22
95,36,18
96,69,52
97,2,5
98,1,12
98,36,1
99,35,7
100,1,12
100,66,4
100,69,7
100,102,15
101,16,10
102,1,5
102,2,3
102,7,1
102,26,4
102,35,1
102,66,152
102,69,38
102,100,20
102,105,2
102,115,1
102,117,9
102,119,3
102,133,1
103,66,3
104,66,1
105,66,13
105,102,4
106,2,2
106,16,4
106,26,10
106,54,4
106,107,5
106,108,7
106,109,33
106,110,2
107,106,5
107,109,4
107,110,4
108,106,7
109,2,1
109,3,6
109,26,9
109,54,23
109,106,20
109,107,1
109,110,7
110,3,4
110,54,8
110,106,9
110,107,2
111,66,3
111,112,2
111,113,2
111,114,2
112,66,121
112,69,5
112,113,18
112,114,4
112,115,17
113,66,5
114,69,5
114,113,3
115,66,5
115,69,1
115,102,1
115,112,23
116,1,14
116,3,3
117,102,22
118,66,3
119,102,6
120,49,7
121,1,7
122,1,3
123,124,3
124,1,51
124,2,81
124,3,22
124,6,3
124,123,9
124,125,51
124,126,5
124,133,1
125,124,34
126,35,2
126,124,5
126,127,2
127,126,1
128,35,43
128,124,1
129,35,1
130,35,1
131,35,1
132,66,25
132,82,26
133,1,8
133,2,1
133,26,6
133,102,3
133,124,1
133,136,1
134,3,12
135,78,4
136,2,1
136,133,1
137,22,14
138,27,1
139,1,1
140,120,4